Company,Address,Phone,Contact_Phone,Website,Domain_Verified,Sales_Fit_Score,Sales_Recommendation,Has_WordPress,Server_Detected,Security_Headers_Count
Parker Ford Lincoln,"3801 Rogers Avenue, Fort Smith, AR 72903",479-784-1000,479-784-1000,parkerfordlincoln.com,parkerfordlincoln.com,60,MAYBE,No,None,0
Hendrick Auto Group,"2500 Old Wire Road, Fort Smith, AR 72901",479-782-8900,479-782-8900,,hendrickautogroup.com,60,MAYBE,No,None,0
West Side Transmission,"3101 Garrison Avenue, Fort Smith, AR 72901",479-783-2900,479-783-2900,,westsidetransmission.com,60,MAYBE,No,None,0
Cossatot River Hardwoods,"1220 North 14th Street, Fort Smith, AR 72901",479-783-6300,479-783-6300,cossatotriver.com,cossatotriver.com,60,MAYBE,No,None,0
Ozark Natural Foods,"22 South Old Wire Road, Fort Smith, AR 72901",479-782-5555,479-782-5555,ozarknaturalfoods.com,ozarknaturalfoods.com,60,MAYBE,No,None,0
Downtown Antique Mall,"623 Garrison Avenue, Fort Smith, AR 72901",479-785-0321,479-785-0321,,downtownantiquemall.com,60,MAYBE,No,None,0
The Pottery Place,"1001 Rogers Avenue, Fort Smith, AR 72901",479-784-5678,479-784-5678,,thepotteryplace.com,60,MAYBE,No,None,0
Salvation Army Thrift Store,"2319 Rogers Avenue, Fort Smith, AR 72903",479-783-9012,479-783-9012,,salvationarmythriftstore.com,60,MAYBE,No,None,0
The Catfish Hole,"2401 Rogers Avenue, Fort Smith, AR 72903",479-783-8765,479-783-8765,,thecatfishhole.com,60,MAYBE,No,None,0
Tamashii Ramen House,"119 North 16th Street, Fort Smith, AR 72901",479-785-7788,479-785-7788,tamashiiramen.com,tamashiiramen.com,60,MAYBE,No,None,0
Marco's Italian Kitchen,"3201 Rogers Avenue, Fort Smith, AR 72903",479-784-1111,479-784-1111,marcositalian.com,marcositalian.com,60,MAYBE,No,None,0
City Brew Coffee,"315 Main Street, Fort Smith, AR 72901",479-782-3344,479-782-3344,citybrew.com,citybrew.com,60,MAYBE,No,None,0
Tropical Smoothie Cafe,"2500 Rogers Avenue, Fort Smith, AR 72903",479-783-2211,479-783-2211,,tropicalsmoothiecafe.com,60,MAYBE,No,None,0
The Donut Man,"401 North 16th Street, Fort Smith, AR 72901",479-782-0099,479-782-0099,,thedonutman.com,60,MAYBE,No,None,0
River City Pizza Co,"423 Main Street, Fort Smith, AR 72901",479-782-6666,479-782-6666,rivercitypizza.com,rivercitypizza.com,60,MAYBE,No,None,0
River Valley Law Group,"200 North B Street, Fort Smith, AR 72901",479-783-9999,479-783-9999,rivervalleylaw.com,rivervalleylaw.com,60,MAYBE,No,None,0
Fort Smith Consulting Group,"425 North B Street, Fort Smith, AR 72901",479-784-1234,479-784-1234,fsccgroup.com,fsccgroup.com,60,MAYBE,No,None,0
Business Solutions Plus,"315 Garrison Avenue, Fort Smith, AR 72901",479-783-5577,479-783-5577,,businesssolutionsplus.com,60,MAYBE,No,None,0
Executive Search Partners,"520 Main Street, Fort Smith, AR 72901",479-782-9999,479-782-9999,execsearch.com,execsearch.com,60,MAYBE,No,None,0
Tax Planning Solutions,"215 Main Street, Fort Smith, AR 72901",479-782-7777,479-782-7777,taxplansolutions.com,taxplansolutions.com,60,MAYBE,No,None,0
Dr. Anderson Family Dentistry,"456 North B Street, Fort Smith, AR 72901",479-783-3333,479-783-3333,andersondental.com,andersondental.com,60,MAYBE,No,None,0
Fort Smith Medical Center,"3001 Rogers Avenue, Fort Smith, AR 72903",479-783-1111,479-783-1111,fsmedical.com,fsmedical.com,60,MAYBE,No,None,0
Valley Physical Therapy,"2515 Garrison Avenue, Fort Smith, AR 72901",479-783-2222,479-783-2222,,valleyphysicaltherapy.com,60,MAYBE,No,None,0
River City Chiropractic,"319 North B Street, Fort Smith, AR 72901",479-782-5000,479-782-5000,rivercitychiro.com,rivercitychiro.com,60,MAYBE,No,None,0
Dermatology Associates,"612 North B Street, Fort Smith, AR 72901",479-784-1616,479-784-1616,,dermatologyassociates.com,60,MAYBE,No,None,0
Fort Smith Hearing Center,"225 Main Street, Fort Smith, AR 72901",479-782-8877,479-782-8877,fshearing.com,fshearing.com,60,MAYBE,No,None,0
Urgent Care Plus,"2401 Rogers Avenue, Fort Smith, AR 72903",479-783-6060,479-783-6060,,urgentcareplus.com,60,MAYBE,No,None,0
Fort Smith Electric,"1801 South 46th Street, Fort Smith, AR 72903",479-783-8800,479-783-8800,fselectric.com,fselectric.com,60,MAYBE,No,None,0
River Valley Plumbing,"2101 Garrison Avenue, Fort Smith, AR 72901",479-782-9090,479-782-9090,,rivervalleyplumbing.com,60,MAYBE,No,None,0
Superior HVAC Services,"3301 Rogers Avenue, Fort Smith, AR 72903",479-783-7777,479-783-7777,superiorhvac.com,superiorhvac.com,60,MAYBE,No,None,0
Quality Painting Contractors,"1201 South 46th Street, Fort Smith, AR 72903",479-783-4444,479-783-4444,qualitypainting.com,qualitypainting.com,60,MAYBE,No,None,0
Fort Smith Landscaping,"2201 Garrison Avenue, Fort Smith, AR 72901",479-782-3333,479-782-3333,,fortsmithlandscaping.com,60,MAYBE,No,None,0
Home Improvement Center,"3401 Rogers Avenue, Fort Smith, AR 72903",479-783-5555,479-783-5555,,homeimprovementcenter.com,60,MAYBE,No,None,0
River City Inn,"315 North B Street, Fort Smith, AR 72901",479-782-5555,479-782-5555,rivercityinn.com,rivercityinn.com,60,MAYBE,No,None,0
Fort Smith School of Music,"512 North 16th Street, Fort Smith, AR 72901",479-782-4444,479-782-4444,fsmusic.com,fsmusic.com,60,MAYBE,No,None,0
River Valley Dance Academy,"201 Garrison Avenue, Fort Smith, AR 72901",479-783-5555,479-783-5555,rvdance.com,rvdance.com,60,MAYBE,No,None,0
Professional Development Academy,"612 Garrison Avenue, Fort Smith, AR 72901",479-784-2222,479-784-2222,,professionaldevelopmentacademy.com,60,MAYBE,No,None,0
Tech Skills Boot Camp,"321 North B Street, Fort Smith, AR 72901",479-783-9999,479-783-9999,techbootcamp.com,techbootcamp.com,60,MAYBE,No,None,0
Fort Smith Fitness Center,"333 Garrison Avenue, Fort Smith, AR 72901",479-783-5500,479-783-5500,fsfit.com,fsfit.com,60,MAYBE,No,None,0
River City CrossFit,"2101 Rogers Avenue, Fort Smith, AR 72903",479-783-6666,479-783-6666,rivercrossfitfs.com,rivercitycrossfit.com,60,MAYBE,No,None,0
Fort Smith Golf Course,"2301 Old Greenwood Road, Fort Smith, AR 72903",479-783-4444,479-783-4444,fsgolf.com,fsgolf.com,60,MAYBE,No,None,0
Aquatic Center,"1801 South 46th Street, Fort Smith, AR 72903",479-783-2222,479-783-2222,fsaquatic.com,aquaticcenter.com,60,MAYBE,No,None,0
Rock Climbing Gym,"312 Rogers Avenue, Fort Smith, AR 72903",479-784-1111,479-784-1111,rockclimbfs.com,rockclimbinggym.com,60,MAYBE,No,None,0
River Valley Realty Group,"425 Main Street, Fort Smith, AR 72901",479-782-1111,479-782-1111,rivervalleyrealty.com,rivervalleyrealty.com,60,MAYBE,No,None,0
Century 21 Real Estate,"319 Main Street, Fort Smith, AR 72901",479-782-3333,479-782-3333,c21fs.com,century21realestate.com,60,MAYBE,No,None,0
Commercial Properties Inc,"515 Garrison Avenue, Fort Smith, AR 72901",479-783-4444,479-783-4444,,commercialpropertiesinc.com,60,MAYBE,No,None,0
Home Buyers Association,"405 North B Street, Fort Smith, AR 72901",479-784-5555,479-784-5555,homebuyersfs.com,homebuyersassociation.com,60,MAYBE,No,None,0
Property Appraisal Services,"210 Main Street, Fort Smith, AR 72901",479-782-6666,479-782-6666,,propertyappraisalservices.com,60,MAYBE,No,None,0
